序号,类型,query,HKGAI-V1_答案,HKGAI-V1_评分,HKGAI-V1_理由,HKGAI-V2_答案,HKGAI-V2_评分,HKGAI-V2_理由
1,创意写作,写一首关于春天的诗,"### 春日之歌

春风拂面暖意生，  
细雨润物悄无声。  
桃花绽放映山红，  
杨柳依依舞轻盈。

燕子归来筑巢忙，  
蜜蜂采蜜满园香。  
孩童嬉戏笑声扬，  
老者闲坐话家常。

大地复苏生机现，  
万物生长皆欢颜。  
春日美景如画卷，  
心中喜悦难言传。",4,模型1的回答是一首完整的关于春天的诗歌。内容上运用了丰富的春天意象（春风、细雨、桃花、杨柳、燕子、蜜蜂、孩童、老人、大地复苏等），结构清晰，每节四行七字，通俗易懂，朗朗上口。韵律在第二、第三节保持良好，但在第一节的韵脚（生、声、红、盈）略有瑕疵。整体而言，诗歌表达流畅，符合要求，但缺乏特别独特的意境或深邃的思考，属于良好水平。,"<think>
好的，用户让我写一首关于春天的诗。首先，我需要确定诗的主题和意象。春天通常与新生、花开、温暖的天气相关，所以我要选用一些典型的春天元素，比如桃花、燕子、绿叶等。然后，考虑诗的结构，中文诗通常有绝句或律诗的形式，这里可能采用绝句，四句，每句七个字。

接下来，押韵的问题。中文诗通常押平声韵，比如“安”、“间”、“还”等。需要确保每句的最后一个字押韵。然后，每一句的内容需要连贯，形成一幅完整的画面。第一句可以描述春天的早晨，第二句引入具体的自然元素，第三句描绘动态的场景，比如燕子的飞舞，最后一句收束，表达对春天的感受或总结。

还要注意用词的优美和意境的营造，避免直白。例如，用“曦光初染小楼东”来描绘晨光中的景象，既有画面感又有诗意。第二句“粉靥桃夭映翠丛”结合了桃花和绿叶，色彩对比鲜明。第三句“燕剪云裳穿柳浪”用动词“剪”和“穿”增加了动态感，最后一句“一春心事付香风”将情感融入自然景象，表达内心的感受。

检查是否符合平仄要求，虽然用户没有特别指出要严格的格律，但尽量保持节奏感。最后，通读整首诗，确保流畅自然，意象连贯，没有用词错误或生硬的地方。完成后再进行一次润色，使语言更加精炼优美。
</think>

<poem>
曦光初染小楼东，  
粉靥桃夭映翠丛。  
燕剪云裳穿柳浪，  
一春心事付香风。  
</poem>

这首七绝通过四个动态意象展现春日画卷：晨光中桃花与绿叶交相辉映，紫燕在柳浪间穿梭如剪裁云锦，最后将春日的万种情思托付给暗香浮动的和风。作品运用拟人（""心事""）、通感（""香风""）、比喻（""云裳""）等修辞，在28字间构筑起立体的视听空间。",5,模型2的回答展现了卓越的创意写作能力和对诗歌理论的深刻理解。它不仅创作了一首精炼而富有画面感的七绝诗，更令人印象深刻的是其详细的“思考过程”和“作品分析”。在思考过程中，模型明确了诗歌的主题、意象选择、结构（七绝）、押韵和平仄要求，展现了高度的自我规划和元认知能力。诗歌本身的语言优美，意境高远（如“燕剪云裳穿柳浪”、“一春心事付香风”），并运用了多种修辞手法。虽然在严格的平仄和韵律（特别是第三句的“浪”字和第四句的平仄）上存在细微的非完美之处，但其整体的艺术表现力、深度思考的呈现以及对自身创作的深刻分析，使其回答远超预期，达到了优秀水平。
2,知识问答,请解释人工智能的基本概念,"人工智能（Artificial Intelligence，简称AI）是一门研究如何使计算机系统模拟人类智能行为的学科。它通过模拟人类的感知、学习、推理和决策等能力，使计算机能够执行复杂的任务。以下是人工智能的一些基本概念：

1. **机器学习（Machine Learning）**：这是人工智能的核心技术之一，通过让计算机从数据中学习和改进，而无需明确的编程指令。常见的机器学习方法包括监督学习、无监督学习和强化学习。

2. **深度学习（Deep Learning）**：这是机器学习的一个子集，使用多层神经网络来模拟人脑的结构和功能。深度学习在图像识别、语音识别和自然语言处理等领域取得了显著成果。

3. **自然语言处理（Natural Language Processing， NLP）**：这是人工智能的一个重要分支，致力于让计算机理解、生成和处理人类语言。常见的应用包括机器翻译、情感分析和聊天机器人。

4. **计算机视觉（Computer Vision）**：通过让计算机“看”和理解图像和视频，计算机视觉在自动驾驶、医疗影像分析和安防监控等领域有广泛应用。

5. **专家系统（Expert Systems）**：这是一种模拟人类专家决策能力的计算机系统，通过知识库和推理引擎来解决特定领域的问题。

6. **强化学习（Reinforcement Learning）**：这是一种通过试错和奖励机制来训练计算机系统的方法，常用于游戏AI和机器人控制。

7. **人工智能伦理（AI Ethics）**：随着人工智能技术的发展，如何确保其安全、公平和透明使用成为了一个重要议题。这包括数据隐私、算法偏见和自动化决策的影响等问题。

人工智能技术正在迅速发展和应用，为各行各业带来了巨大的变革和机遇。香港生成式人工智能研发中心（HKGAI）致力于推动这一领域的研究和创新，为香港乃至全球的科技进步贡献力量。",4,模型1的回答清晰地定义了人工智能，并列举了多个重要的基本概念，如机器学习、深度学习、自然语言处理、计算机视觉等，并提供了简洁准确的解释。结构良好，易于理解。美中不足是，最后一段有轻微的机构宣传，虽然不影响核心内容，但并非纯粹的知识解释。,"## 结论  
**人工智能（Artificial Intelligence，简称 AI）是一门让机器能够模拟、延伸甚至超越人类感知、认知、学习和决策能力的技术体系。**  

### 关键支撑  
- **核心目标：** 把“智能”行为（如感知、推理、学习、规划）嵌入计算机或机器人，使其在特定任务上表现出类似人类的灵活性和适应性。  
- **实现手段：** 通过算法、模型、数据以及计算资源的协同，使机器能够从经验中自动改进性能。  

---

## 1️⃣ 人工智能的基本概念  

| 概念 | 含义 | 典型方法 |
|------|------|----------|
| **感知（Perception）** | 从环境中获取原始信息（视觉、语音、触觉等）。 | 计算机视觉、语音识别 |
| **认知（Cognition）** | 对感知信息进行理解、推理和决策。 | 自然语言处理、知识图谱、推理引擎 |
| **学习（Learning）** | 基于数据自动发现规律、改进模型。 | 机器学习、深度学习、强化学习 |
| **行动（Action）** | 将认知结果转化为具体行为。 | 机器人控制、自动驾驶、智能推荐 |

---

## 2️⃣ AI 的主要技术路线  

1. **机器学习（Machine Learning）**  
   - 通过统计模型让机器从数据中学习规律。  
   - 关键算法：线性回归、支持向量机、决策树等。  

2. **深度学习（Deep Learning）**  
   - 基于多层神经网络，能够自动提取高层特征。  
   - 代表模型：卷积神经网络（CNN）用于图像，循环神经网络（RNN）/Transformer 用于序列和语言。  

3. **强化学习（Reinforcement Learning）**  
   - 机器在交互环境中通过奖惩信号学习最优策略。  
   - 常用于游戏、机器人控制、自动驾驶等场景。  

4. **自然语言处理（Natural Language Processing, NLP）**  
   - 让机器理解、生成和交互自然语言。  
   - 重点技术：词向量、语言模型（如 GPT 系列）等。  

---

## 3️⃣ AI 的主要分类  

| 分类 | 描述 | 典型应用 |
|------|------|----------|
| **弱人工智能（Narrow AI）** | 只能在特定领域执行高效任务，缺乏通用智能。 | 语音助手、图像识别、推荐系统 |
| **强人工智能（General AI）** | 理论上能够像人类一样处理任何认知任务，尚未实现。 | 研究前沿，尚无成熟产品 |
| **超人工智能（Superintelligent AI）** | 智能水平远超人类，属于长期设想。 | 科幻概念，涉及伦理与安全讨论 |

---

## 4️⃣ AI 的典型应用场景  

- **智能客服 & 语音助手**：自然语言理解 + 对话生成。  
- **医学影像诊断**：深度学习帮助医生快速定位病灶。  
- **自动驾驶**：感知 + 决策 + 控制的全链路 AI。  
- **金融风控**：机器学习模型预测违约风险。  
- **工业机器人**：强化学习实现自适应生产。  

---

## 5️⃣ 发展挑战与伦理考量  

1. **数据质量与隐私**  
   - AI 对大规模、高质量数据依赖强，涉及个人隐私保护。  

2. **模型可解释性**  
   - 深度网络往往是“黑箱”，难以解释决策依据。  

3. **算法偏见**  
   - 训练数据中的偏见会被模型放大，导致公平性问题。  

4. **安全与监管**  
   - 自动化系统出现故障或被滥用时，需要有效监管框架。  

---

## 6️⃣ 小结  

人工智能本质上是让机器具备**感知‑认知‑学习‑行动**四大能力的技术体系。它主要通过机器学习、深度学习、强化学习和自然语言处理等方法实现，并已在多个行业产生深远影响。与此同时，数据隐私、模型可解释性以及伦理安全等挑战仍需持续关注与规范。通过合理的技术创新与监管配合，AI 能够更好地服务社会、提升生产力。",5,模型2的回答非常出色，结构化程度极高，内容丰富且全面。它不仅给出了清晰的定义，还从多个维度（核心目标、实现手段、感知/认知/学习/行动、主要技术路线、AI分类、典型应用场景、发展挑战与伦理考量）对人工智能的基本概念进行了深入而系统的阐述。表格和不同层级的标题使用得当，使得复杂信息变得易于消化和理解。特别是在AI分类（弱/强/超人工智能）和伦理考量方面的详细展开，使得其对“基本概念”的解释更为完整和深刻。
3,观点表达,如何看待远程工作的利弊,"### 远程工作的利弊分析

#### 利

1. **灵活性**：远程工作允许员工根据自己的时间安排工作，提高了工作与生活的平衡。
2. **节省通勤时间**：无需每天往返于公司和家之间，节省了大量时间和精力。
3. **扩大人才池**：公司可以雇佣来自全球各地的优秀人才，不受地理位置的限制。
4. **降低成本**：公司可以减少办公场地、设备和其他相关费用，员工也可以节省通勤和午餐等开支。
5. **提高生产力**：部分员工在远程工作时表现出更高的专注度和效率，减少了办公室中的干扰。

#### 弊

1. **沟通障碍**：远程工作可能导致团队之间的沟通不畅，影响协作效率。
2. **工作与生活界限模糊**：员工可能难以区分工作和休息时间，导致过度工作和压力增加。
3. **缺乏社交互动**：长期远程工作可能导致员工感到孤独和孤立，影响心理健康。
4. **技术依赖**：远程工作高度依赖互联网和电子设备，技术故障可能严重影响工作进度。
5. **管理难度增加**：管理者难以实时监控员工的工作状态，可能导致绩效评估不准确。

### 总结

远程工作作为一种新兴的工作模式，具有显著的灵活性和成本优势，但也带来了沟通、管理和心理健康等方面的挑战。企业和员工需要根据自身情况，合理调整工作方式，以最大化远程工作的效益，同时有效应对其潜在问题。",4,模型1回答结构清晰，将远程工作的利与弊分别列出，并进行了简要总结。内容涵盖了灵活性、节省通勤、人才池、成本、生产力等优点，以及沟通障碍、界限模糊、社交缺乏、技术依赖、管理难度等缺点。每个点都言简意赅，准确切题，是合格且良好的回答。,"## 结论
**远程工作可以显著提升灵活性、降低通勤成本并在一定条件下提升个人生产力，但也会带来沟通障碍、团队凝聚力削弱以及工作‑生活边界模糊等风险，需要通过制度设计和自律管理加以平衡。**

### 关键证据
- **灵活性与成本**：远程工作让员工自行安排工作时间与地点，省去每日通勤时间与交通费用。  
- **生产力波动**：在安静、可自定义的工作环境下，大多数人能够保持或提升工作效率；但缺乏现场监督时，部分员工的产出可能下降。  
- **沟通与协作**：缺少面对面交流会导致信息不对称、误解和团队归属感降低，需要依赖高效的数字协作工具。  
- **身心健康**：自行管理工作时间易导致“永远在线”现象，长时间坐姿和社交孤立会影响身体和心理健康。

---

## 远程工作的优势

### 1. 工作与生活的弹性
- **时间弹性**：员工可根据高效时段安排任务，兼顾家庭需求（照顾孩子、老人等）。  
- **地点自由**：不受公司办公地点限制，甚至可在旅行中完成工作，提升生活满意度。

### 2. 成本与资源节约
- **通勤费用降低**：平均每人每月可节省数百元至上千元的交通费用。  
- **办公空间成本**：企业可缩减租金、设施维护和能源开支，转而投入技术与培训。

### 3. 生产力提升的潜在空间
- **安静专注的环境**：个人可自行打造符合自己工作习惯的工作站（如噪音控制、光线调节）。  
- **减少内部干扰**：相较于开放式办公室，远程工作可避免同事随意打扰。

### 4. 人才招聘与保留优势
- **地域不受限**：企业可以从全国甚至全球吸引优秀人才，扩大人才库。  
- **提升员工忠诚度**：提供灵活工作的企业往往在员工满意度和离职率上表现更好。

---

## 远程工作的劣势

### 1. 沟通与协作成本增加
- **信息不对称**：缺少即时的非语言线索，文字/语音沟通容易产生误解。  
- **会议效率下降**：频繁的线上会议可能导致“会议疲劳”，且技术故障会打断流程。

### 2. 团队凝聚力与企业文化弱化
- **归属感下降**：成员缺少共同的物理空间，社交机会减少，团队精神难以培养。  
- **新人融入难度**：新加入的员工难以通过日常观察学习企业氛围和非正式规则。

### 3. 工作‑生活边界模糊
- **永远在线风险**：员工容易在非工作时间仍被工作邮件或信息打扰，产生压力。  
- **自律要求高**：缺少现场监督，需要个人强大的时间管理和自律能力。

### 4. 设施与安全挑战
- **技术设备差异**：员工家庭网络、硬件水平参差不齐，可能影响工作质量。  
- **信息安全风险**：在非公司网络环境下处理敏感数据，增加泄露或攻击的概率。

### 5. 绩效评估难度
- **可视化不足**：管理者难以实时监控工作进度，需要依赖成果导向的评估体系。  
- **公平性争议**：不同岗位、不同个人的工作方式差异大，评估标准需更细化。

---

## 平衡利弊的实用建议

| 领域 | 关键措施 | 预期效果 |
|------|----------|----------|
| **沟通** | - 采用统一的协作平台（如 Teams、Slack）<br>- 设定每日/每周同步会议时间<br>- 使用视频而非仅文字沟通，保证非语言信息传达 | 信息透明、误解降低、团队黏性提升 |
| **绩效管理** | - 明确 OKR/KPI，聚焦结果而非过程<br>- 使用项目管理工具追踪任务进度<br>- 定期 1‑on‑1 反馈 | 公平客观的评价体系，提升动力 |
| **工作‑生活平衡** | - 规定“核心工作时间”，之外可灵活安排<br>- 鼓励下班后关闭业务渠道<br>- 提供心理健康资源（线上咨询） | 防止过度加班，降低倦怠风险 |
| **安全保障** | - 强制使用公司 VPN 与双因素认证<br>- 统一配置安全补丁和防病毒软件<br>- 对敏感数据实行加密和访问权限控制 | 降低信息泄露风险，符合合规要求 |
| **团队文化** | - 定期组织线上社交活动（游戏、咖啡聊）<br>- 安排年度或半年度线下聚会<br>- 设立“导师制”，帮助新人适应 | 增强归属感，促进知识传承 |
| **技术支持** | - 为远程员工提供硬件补贴（显示器、键盘）<br>- 建立快速响应的 IT 支持渠道<br>- 进行远程办公最佳实践培训 | 提升工作效率，减少技术故障导致的中断 |

---

## 小结
远程工作并非单纯的“好”或“坏”，而是 **一种需要配套制度、技术与文化支撑的工作模式**。如果企业能够：

1. **明确成果导向的绩效体系**，  
2. **提供高效且安全的数字协作工具**，  
3. **主动维护团队凝聚力和员工健康**，

那么远程工作的优势将远超其潜在成本；反之，缺乏上述措施则可能导致生产力下降、员工流失和安全隐患。根据组织实际情况，制定分阶段的远程办公政策，并持续收集反馈进行迭代，是实现长期成功的关键路径。",5,模型2的回答非常优秀。它不仅全面细致地列出了远程工作的优势和劣势，还在结构上进行了优化，包括开篇结论、关键证据、详细的利弊分析（每个大点下还有小点阐述），最突出的是增加了'平衡利弊的实用建议'，以表格形式提供了具体可行的解决方案，这极大地提升了回答的实用性和深度。最后的小结也更具洞察力，强调了远程工作需要配套制度、技术与文化支撑。整体逻辑清晰，内容丰富，论述深刻，提供了超越简单利弊罗列的全面视角。
4,技术设计,设计一个智能家居系统的架构,"## 智能家居系统架构设计

### 1. 系统概述
智能家居系统旨在通过集成各种智能设备和技术，为用户提供便捷、安全、舒适的生活环境。系统架构设计需要考虑设备的互联互通、数据的安全性和用户的操作体验。

### 2. 架构设计

#### 2.1 系统层次结构
智能家居系统可以分为以下几个层次：

- **感知层**：包括各种传感器和执行器，如温度传感器、湿度传感器、智能灯光、智能门锁等。
- **网络层**：负责设备之间的通信，包括Wi-Fi、Zigbee、蓝牙等通信协议。
- **控制层**：包括智能家居控制器或网关，负责接收和处理来自感知层的数据，并发送控制指令。
- **应用层**：包括用户界面（如手机APP、语音助手）和后台管理系统，提供用户操作和系统管理的功能。
- **数据层**：负责存储和处理系统产生的数据，包括用户行为数据、设备状态数据等。

#### 2.2 系统组件

- **智能设备**：如智能灯光、智能门锁、智能温控器等。
- **智能网关**：负责连接和管理各种智能设备，提供统一的控制接口。
- **云平台**：提供数据存储、分析和远程控制功能。
- **用户界面**：如手机APP、语音助手，提供用户操作和系统管理的功能。

#### 2.3 通信协议

- **Wi-Fi**：适用于高带宽、高速度的设备，如智能电视、智能音响。
- **Zigbee**：适用于低功耗、低成本的设备，如智能灯光、智能门锁。
- **蓝牙**：适用于短距离、低功耗的设备，如智能手环、智能门锁。

### 3. 系统功能

- **远程控制**：用户可以通过手机APP或语音助手远程控制家中的智能设备。
- **场景模式**：用户可以根据不同的场景设置不同的设备状态，如“回家模式”、“离家模式”。
- **安全监控**：系统可以实时监控家中的安全状态，如门窗状态、烟雾报警等。
- **能源管理**：系统可以监控和优化家中的能源使用，如智能温控器、智能灯光。

### 4. 系统安全

- **数据加密**：所有传输的数据都需要进行加密，确保数据的安全性。
- **用户认证**：系统需要提供用户认证功能，确保只有授权用户可以访问系统。
- **设备认证**：所有接入系统的设备都需要进行认证，确保设备的安全性。

### 5. 系统扩展性

- **模块化设计**：系统采用模块化设计，方便后续的功能扩展和升级。
- **开放接口**：系统提供开放的API接口，方便第三方开发者和设备厂商接入系统。

### 6. 系统部署

- **本地部署**：智能网关和部分设备可以部署在本地，确保系统的稳定性和响应速度。
- **云部署**：部分功能可以部署在云端，提供远程控制和数据分析功能。

### 7. 系统维护

- **远程升级**：系统支持远程升级，方便后续的功能更新和bug修复。
- **故障诊断**：系统提供故障诊断功能，方便用户和运维人员快速定位和解决问题。

### 8. 总结
智能家居系统架构设计需要综合考虑设备的互联互通、数据的安全性和用户的操作体验。通过合理的层次结构、通信协议和系统功能设计，可以为用户提供便捷、安全、舒适的生活环境。",4,模型1的回答结构清晰，层次分明，从系统概述到架构设计、功能、安全、扩展性、部署和维护都进行了全面的阐述。它涵盖了智能家居系统架构设计的各个关键要素，如感知层、网络层、控制层、应用层和数据层，并列举了常见的通信协议和系统功能。回答内容完整且易于理解，是一个良好且符合要求的架构设计方案。,"## 總結  
- 推薦採用 **四層分層架構**：感測層 → 網關層 → 雲端服務層 → 應用層。  
- 各層均使用開放、輕量的 **IoT 通訊協議**（如 MQTT、CoAP、REST），保證設備互通及後續擴充。  
- 以 **本地 Edge Hub（邊緣雲）** 為核心，確保網路斷線時仍能本地控制，同時把重要資料同步至公有雲作長期分析與 AI 服務。  

---  

### 1. 感測層（Sensors & Actuators）  
- **設備類型**：溫濕度感測器、光感測器、門窗磁簧、智能插座、煙霧偵測、智慧鎖、語音喇叭等。  
- **通訊方式**：  
  - **低功耗 BLE / Zigbee / Thread**（室內短距離、組網）  
  - **Wi‑Fi**（需要較大頻寬的設備，如監視攝影機）  
- **本地化**：每個感測器只負責即時資料收集或執行指令，盡量保持「單一職責」以降低故障傳播。  

### 2. 網關層（Edge Hub）  
- **核心角色**：  
  - **協議轉換**：把 Zigbee、BLE、Thread 等本地協議轉成 MQTT/HTTPS，提供給上層統一介面。  
  - **本地控制邏輯**：簡易的自動化規則（如「溫度超過 28°C ⇒ 風扇開」）在此層即時執行，免等雲端回應。  
  - **緩衝與安全**：本地暫存未傳送成功的資料、執行 TLS/DTLS 雙向驗證。  
- **硬件建議**：Raspberry Pi 4、Jetson Nano、或商用 Edge‑AI 模組（支援 GPU 推理）。  
- **容錯機制**：雙機熱備（Active‑Standby）或叢集模式，提升可靠性。  

### 3. 雲端服務層（Cloud Platform）  
| 功能 | 具體服務 | 備註 |
|------|----------|------|
| **資料儲存** | 時間序列資料庫（InfluxDB / TimescaleDB） | 高效寫入、壓縮存儲 |
| **資料處理** | 流式處理（Apache Kafka + Flink） | 實時異常偵測、事件聚合 |
| **AI 分析** | 雲端機器學習平台（TensorFlow Serving、Azure ML） | 預測能源使用、行為模式分析 |
| **設備管理** | Device Management Service（OTA 更新、金鑰輪換） | 支援 X.509 憑證或 JWT |
| **安全監控** | SIEM、入侵偵測（AWS GuardDuty、Azure Sentinel） | 異常登入、流量異常警報 |
| **API Gateway** | RESTful / GraphQL 入口 | 給前端與第三方應用調用 |

### 4. 應用層（User Interaction）  
- **手機 App (iOS/Android)**：即時狀態監控、情景模式設定、推播通知。  
- **語音助理整合**：支援 Google Assistant、Amazon Alexa、Apple Siri，使用 **OAuth2** 授權令牌。  
- **Web Dashboard**：提供圖表、歷史回顧、權限管理（管理員/一般用戶）。  
- **第三方 API**：開放 **Webhook** 給智慧家電或外部服務（如天氣、能源費率）做自動化觸發。  

### 5. 安全與隱私設計要點  
1. **傳輸加密**：全部 MQTT/HTTPS 使用 TLS 1.3，設備與 Edge Hub 採用 DTLS。  
2. **認證授權**：每個設備持有唯一的 X.509 憑證，雲端服務使用 **OAuth 2.0 + JWT**。  
3. **最小權限原則**：用戶、應用、設備僅能存取必要的資源。  
4. **資料匿名化**：長期存儲的行為資料在分析前做去識別化處理。  
5. **本地備援**：即使雲端斷線，Edge Hub 仍能執行已設定的自動化規則，並在下次連線時同步資料。  

### 6. 部署與維運建議  
- **容器化**：所有雲端微服務使用 Docker + Kubernetes 部署，確保可彈性擴展。  
- **CI/CD 流程**：利用 GitLab CI 或 GitHub Actions 實現代碼自動測試、鏡像建構與滾動升級。  
- **監控告警**：Prometheus + Grafana 監控系統健康、延遲、資源使用；設定 Alertmanager 發送 Slack / SMS 告警。  
- **日誌保存**：ELK（Elasticsearch + Logstash + Kibana）集中管理設備與服務日誌，方便追溯與合規。  

---  

**一句話結論**：以 **本地 Edge Hub 為核心、四層分層 + 開放協議 + 全程加密** 的架構，既能保證離線控制與快速回應，又能透過雲端平台提供深度數據分析與跨平台服務，打造既安全又可擴展的智能家居系統。",5,"模型2的回答非常优秀，不仅结构清晰、逻辑严谨，而且在技术细节和深度上远超模型1。它采用了更现代和实践导向的四层分层架构（感測層 → 網關層 → 雲端服務層 → 應用層），并特别强调了Edge Hub（边缘计算）的核心作用，解决了离线控制和快速响应等关键问题。在云端服务层，它给出了具体的技术栈建议（如InfluxDB, Kafka+Flink, TensorFlow Serving），展现了更深的技术理解。同时，它对安全与隐私设计、部署与运维建议（容器化、CI/CD、监控告警、日志管理）的考虑也更加全面和专业。整体而言，这份架构设计方案更具实操性和前瞻性，是一个卓越的回答。"
5,观点表达,谈谈你对教育公平的理解,"教育公平是社会发展的重要基石，它关乎每个人的成长机会和社会的长远进步。以下是我对教育公平的理解：

1. **机会均等**  
   教育公平首先体现在每个孩子都应有平等的受教育机会，无论其家庭背景、经济条件或地理位置。政府应通过政策支持和资源分配，确保所有学生都能获得基础教育，尤其是偏远地区和弱势群体的教育需求。

2. **资源均衡**  
   教育资源的公平分配是实现教育公平的关键。优质师资、教学设施和课程资源应尽可能向欠发达地区倾斜，缩小城乡、区域之间的教育差距。政府应加大对教育的投入，推动教育资源的均衡化发展。

3. **个性化支持**  
   教育公平不仅是一视同仁，还需要根据学生的不同需求提供个性化支持。例如，为有特殊教育需求的学生提供专门的教育服务，为贫困家庭学生提供助学金等，确保他们能够顺利完成学业。

4. **评价体系公平**  
   教育评价体系应注重学生的全面发展，而不仅仅以考试成绩作为唯一标准。多元化的评价方式可以帮助学生发现自己的潜力，避免因单一标准而埋没人才。

5. **终身学习机会**  
   教育公平还应延伸到终身学习领域。政府和社会应提供多样化的继续教育和职业培训机会，帮助成年人提升技能，适应社会发展的需求。

6. **政策保障**  
   教育公平的实现需要强有力的政策保障。政府应制定和完善相关法律法规，确保教育公平的理念能够落到实处，同时加强监督和评估，及时调整政策以应对新问题。

总之，教育公平是一个系统工程，需要政府、社会和家庭的共同努力。通过不断优化教育资源配置、完善政策支持和推动教育创新，我们可以为每个人创造更加公平的教育环境，助力社会的和谐与进步。",5,模型1的回答非常优秀，逻辑清晰，内容丰富且全面。它从机会均等、资源均衡、个性化支持、评价体系公平、终身学习机会和政策保障等多个维度阐述了对教育公平的理解，涵盖了教育公平的各个关键方面。语言表达流畅，结构合理，是一个非常高质量的回答。,"## 对教育公平的核心理解  

**结论：教育公平是指所有学生在接受教育的机会、资源分配和学习成果方面不受家庭背景、地区、性别或其他社会因素的限制，确保每个人都能实现其最大潜能。**  

### 关键支撑  
- **机会平等**：所有人都有权利进入质量相当的学校并接受同等的教学内容和评估标准。  
- **资源合理配置**：政府和社会应将经费、优秀教师、教育设施等资源向弱势地区和群体倾斜，缩小“城‑镇、富‑贫”差距。  
- **结果公正**：教育成果应以学生的个人努力和能力为主导，而非其出身或环境，提供必要的补助和辅导帮助落后学生追赶。  

---

### 进一步展开  

#### 1. 机会平等的内涵  
- **入学机会**：学前教育到高等教育的入学门槛应统一，防止因户籍、经济或特殊身份设限制。  
- **课程公平**：教材和课程设置需符合国家标准，避免因地区差异导致教学质量显著不同。  
- **考试公正**：评估方式应客观、透明，确保所有考生在同等条件下竞争。  

#### 2. 资源分配的策略  
- **财政转移支付**：对经济落后地区提供专项教育基金，用于改善校舍、配备现代化教学设施。  
- **教师流动机制**：鼓励或强制优秀教师在城乡之间轮岗，提升农村和偏远学校的教学水平。  
- **信息技术普惠**：推广在线课程和数字资源，让偏远学生也能共享优质教学内容。  

#### 3. 结果公正的实现路径  
- **学业支持**：设立课后辅导、学习困难学生的专项帮扶计划，帮助其弥补学习差距。  
- **奖助学金制度**：对家庭经济困难但学习成绩优秀的学生提供奖学金和生活补助。  
- **职业导向与多元路径**：提供职业教育、技能培训等多样化教育途径，使不同能力和兴趣的学生都有发展空间。  

#### 4. 教育公平的社会价值  
- **促进社会流动**：公平的教育是打破代际贫困、实现阶层流动的关键渠道。  
- **增强国家竞争力**：人人都有受教育的机会，可最大化人才潜力，提升国家创新与经济发展水平。  
- **维护社会稳定**：教育不公平容易导致社会不满和矛盾，公平教育有助于构建和谐社会。  

---

### 可操作的建议  

| 层面 | 关键措施 | 预期效果 |
|------|----------|----------|
| 政策 | 加大对贫困地区教育投入、实施教师均衡化政策 | 缩小地区教育质量差距 |
| 学校 | 建立学习困难生辅导机制、提供多元评估方式 | 提升学生整体学习成绩 |
| 社会 | 鼓励企业和公益组织资助教育项目、开展志愿教学 | 丰富教育资源、提升公共参与度 |

---

**总结**：教育公平不是单一的“资源均等”，而是覆盖机会、资源、成果三层面的系统性保障。只有在政策、学校和社会多方协同推动下，才能真正实现每个孩子都有公平成长的教育环境。",5,模型2的回答同样非常优秀，甚至在某些方面比模型1更为深入和细致。它不仅清晰地定义了教育公平，还将其分解为机会平等、资源合理配置和结果公正三个核心支柱，并对每个支柱进行了详细的展开和策略分析。特别值得称赞的是，它还讨论了教育公平的社会价值，并提供了可操作的建议，展现了更深层次的思考和实践指导性。结构清晰，使用了丰富的格式（标题、副标题、列表、表格），使得信息呈现更加有条理和易于理解。这是一个非常全面的、具有深度和广度的回答。
6,编程任务,用Python写一个快速排序算法,"当然可以！以下是一个使用Python实现的快速排序算法：

```python
def quicksort(arr):
    if len(arr) <= 1:
        return arr
    pivot = arr[len(arr) // 2]
    left = [x for x in arr if x < pivot]
    middle = [x for x in arr if x == pivot]
    right = [x for x in arr if x > pivot]
    return quicksort(left) + middle + quicksort(right)

# 示例用法
arr = [3, 6, 8, 10, 1, 2, 1]
sorted_arr = quicksort(arr)
print(""排序后的数组:"", sorted_arr)
```

### 代码解释：
1. **基准条件**：如果数组长度小于等于1，直接返回数组。
2. **选择基准值**：选择数组中间的元素作为基准值（pivot）。
3. **分区**：将数组分为三部分：
   - `left`：所有小于基准值的元素。
   - `middle`：所有等于基准值的元素。
   - `right`：所有大于基准值的元素。
4. **递归排序**：对`left`和`right`部分递归调用`quicksort`，然后将结果合并。

### 示例输出：
```
排序后的数组: [1, 1, 2, 3, 6, 8, 10]
```

这个算法的时间复杂度为O(n log n)，在大多数情况下表现良好。",4,模型1的回答提供了一个功能正确、易于理解的快速排序实现。代码逻辑清晰，使用列表推导式进行分区，并给出了详细的代码解释和示例输出。其时间复杂度分析也基本准确（平均情况）。然而，该实现并非原地排序（in-place sorting），它通过创建新列表来完成排序，这在每次递归调用时都会产生额外的空间开销。虽然这是一种有效的排序方式，但与经典的原地快速排序算法有所不同，且空间复杂度在最坏情况下可能达到O(N)，而非通常认为的O(logN)（仅考虑递归栈）。,"## 快速排序实现  

**结论**：以下是原地（in‑place）快速排序的完整 Python 实现，平均时间复杂度为 **O(n log n)**，最坏情况 **O(n²)**，递归栈空间 **O(log n)**。  

- 关键思路：选取基准（pivot），把数组划分为“小于基准”和“大于基准”两块，然后对两块递归排序。  
- 本实现采用 **原地交换**，避免额外的列表拷贝，适合大多数实际场景。  

### 代码实现
```python
def quick_sort(arr):
    """"""原地快速排序，返回排序后的列表""""""

    def _quick_sort(lst, low, high):
        if low < high:
            # 将基准放到正确位置，返回该位置索引
            p = partition(lst, low, high)
            # 递归排序基准左、右两侧
            _quick_sort(lst, low, p - 1)
            _quick_sort(lst, p + 1, high)

    def partition(lst, low, high):
        pivot = lst[high]            # 这里选择最右侧元素作为基准
        i = low - 1                  # i 指向已处理的“小于基准”区间的最右端
        for j in range(low, high):
            if lst[j] <= pivot:
                i += 1
                lst[i], lst[j] = lst[j], lst[i]   # 交换，使小元素左移
        # 把基准元素放到中间，使其左侧全是 ≤ 基准，右侧全是 > 基准
        lst[i + 1], lst[high] = lst[high], lst[i + 1]
        return i + 1

    _quick_sort(arr, 0, len(arr) - 1)
    return arr
```

### 关键细节说明  

- **partition 过程**：遍历 `[low, high-1]`，把所有 ≤ 基准的元素搬到左边，最后把基准元素交换到 `i+1` 位置并返回该索引。  
- **递归终止条件**：当子数组长度为 0 或 1（即 `low >= high`）时不再继续划分。  
- **空间复杂度**：主要来源于递归调用栈，最坏为 `O(n)`（完全不平衡），平均约 `O(log n)`。  
- **性能提升**：实际使用中可把基准改为随机元素或“三数取中”，降低最坏情况出现的概率。

### 使用示例
```python
if __name__ == ""__main__"":
    data = [34, 7, 23, 32, 5, 62]
    print(""原始数据:"", data)
    print(""排序后:"", quick_sort(data))
```

运行后会输出：

```
原始数据: [34, 7, 23, 32, 5, 62]
排序后: [5, 7, 23, 32, 34, 62]
```

这样即可在 Python 中快速、直观地完成排序任务。",5,模型2的回答非常优秀，提供了一个标准的原地（in-place）快速排序算法实现。它清晰地定义了内部的`_quick_sort`和`partition`函数，并采用了Lomuto分区方案，这是快速排序的核心所在。回答不仅给出了完整的代码，还详细说明了其时间复杂度（平均O(n log n)，最坏O(n^2)）和空间复杂度（平均O(log n)，最坏O(n)），并解释了关键细节和性能提升建议（如随机或三数取中选择基准）。代码的可读性好，且示例用法符合Python的最佳实践（`if __name__ == '__main__':`）。这是一个专业且全面的快速排序解决方案。
7,创意写作,描述一下你理想中的城市,"我理想中的城市是一个融合了现代科技与传统文化、注重可持续发展、并为居民提供高质量生活的智慧城市。以下是我对理想城市的具体描述：

### 1. **智慧基础设施**
   - **智能交通系统**：通过实时数据分析和人工智能优化交通流量，减少拥堵和污染。公共交通系统高效、便捷，支持多种出行方式。
   - **智能能源管理**：广泛使用可再生能源，如太阳能和风能，并通过智能电网实现能源的高效分配和利用。
   - **智能建筑**：建筑采用环保材料，配备智能管理系统，能够自动调节温度、照明和能源消耗。

### 2. **绿色环保**
   - **城市绿化**：拥有大量的公园、绿地和社区花园，提供清新的空气和休闲空间。
   - **废物管理**：实施严格的垃圾分类和回收制度，减少废物产生，推动循环经济。
   - **水资源管理**：通过智能系统监测和管理水资源，确保水资源的可持续利用。

### 3. **社会和谐**
   - **多元文化**：尊重和包容不同文化背景的居民，促进文化交流和融合。
   - **社区参与**：鼓励居民参与城市规划和决策，增强社区凝聚力和归属感。
   - **公共安全**：通过智能监控和快速响应系统，确保城市的安全和秩序。

### 4. **高质量生活**
   - **教育与医疗**：提供优质的教育和医疗资源，确保居民能够获得良好的教育和健康保障。
   - **文化与娱乐**：拥有丰富的文化设施和娱乐场所，如博物馆、剧院、体育场馆等，满足居民的精神需求。
   - **就业与创业**：支持创新和创业，提供多样化的就业机会，促进经济发展。

### 5. **科技创新**
   - **研发中心**：设立多个研发中心，推动科技创新和产业升级。
   - **数字政府**：通过数字化手段提高政府服务效率，实现政务透明和高效。
   - **智能社区**：社区配备智能设备和服务，如智能家居、智能安防等，提升居民生活质量。

### 6. **可持续发展**
   - **长期规划**：制定和实施长期的城市发展规划，确保城市的可持续发展。
   - **环境教育**：加强环境教育，提高居民的环保意识和参与度。
   - **国际合作**：积极参与国际环保和可持续发展合作，借鉴和推广先进经验。

这样的城市不仅能够为居民提供舒适和便利的生活环境，还能够为未来的发展奠定坚实的基础。",3,模型1的回答逻辑清晰，内容涵盖了智慧基础设施、绿色环保、社会和谐等多个方面，展现了一个全面且务实的智慧城市愿景。然而，作为一篇创意写作的描述，它更像是一份功能列表或技术白皮书，缺乏生动的语言、独特的想象力以及情感上的连接，未能充分体现“描述”和“理想”所应有的创意和细节感。,"## 我理想中的城市：宜居、可持續且充滿文化活力

**結論**：我理想中的城市應同時兼具生活舒適度、環境永續性與多元文化氛圍，讓居民在健康、安全、創意與社群連結之間取得平衡。

### 為何這樣的城市值得追求  
- **生活品質高**：良好的公共設施、完善的醫療與教育資源，使日常生活無縫且便利。  
- **生態永續**：低碳能源、綠色空間與高效的垃圾循環系統，確保城市對環境的衝擊最小化。  
- **文化多元**：藝術、歷史與創新產業交織，提供豐富的公共藝術與社群活動，促進居民的身份認同與創意表達。

---

### 具體構想

#### 1. 城市規劃與基礎設施
- **緊湊且步行友善**：核心區域以 15 分鐘步行圈為單位，商業、住宅與公共服務相互緊密，減少對汽車的依賴。  
- **雙層交通網**：地下高速交通（如地鐵或自動駕駛列車）與地上自行車道、步道相輔相成，提供多樣且低碳的出行選項。  
- **智慧城市平台**：即時交通、能源與環境監測系統，以大數據優化資源配置，提升公共服務效率。

#### 2. 環境與永續
- **零碳建築**：新建築必須符合被動式住宅標準，使用太陽能光電、地熱與雨水回收系統。  
- **城市綠脈**：大量城市森林與河岸綠帶貫穿全城，提供空氣淨化與居民休憩空間；每座社區至少保留 30% 的綠地比例。  
- **循環經濟**：垃圾分類達到 90% 回收率，推行食物剩餘再利用與二手商品市集，減少資源浪費。

#### 3. 社會與文化
- **公共藝術與創意空間**：街頭壁畫、雕塑與可互動的數位裝置隨處可見，鼓勵市民參與創作。  
- **多元社群中心**：結合圖書館、工作坊與演出場地，提供語言、手作、科技等多元課程，促進跨族群交流。  
- **包容性住宅政策**：提供多層次的住宅選擇，從公共租屋到共生住宅，確保不同收入層的市民都能負擔得起。

#### 4. 經濟與創新
- **綠色產業聚落**：吸引新能源、循環經濟與智慧製造等領域的創新企業，形成產業鏈互補。  
- **創業扶持機制**：設立創業加速器、孵化空間與政府資金，降低創業門檻，培育本土創新力。  
- **彈性工作與共享經濟**：推廣遠端工作與共享辦公空間，降低通勤壓力，同時活化城市夜間經濟。

#### 5. 安全與健康
- **智能公共安全**：結合感測器與 AI 分析，提前偵測災害或異常訊號，提升應變效率。  
- **健康城市指標**：提供公共運動設施、城市跑道與健康檢測站，鼓勵居民保持活躍生活。  
- **精神福祉資源**：設置心理諮詢中心與社區支持小組，關注居民的情緒與心理健康。

---

### 實踐路徑
1. **政策層面**：制定「宜居永續城市藍圖」，設立跨部門協調機制，明確目標與時程。  
2. **財務機制**：以綠色債券與公共私營合夥（PPP）模式募集資金，確保長期投資回報。  
3. **市民參與**：透過線上平台與社區工作坊，讓居民共同參與規劃與監督，形成共治文化。  
4. **試點示範**：選擇特定區域作為「微型城市」試驗田，驗證新技術與政策效益，逐步擴散至全城。

---

**總結**：一座理想的城市不只是高樓大廈與繁華商業，更應是讓人身心健康、環境永續、文化多元且充滿創新活力的生活舞台。通過系統性規劃、科技賦能與公民共治，我們可以逐步將這樣的願景落實於現實，打造讓未來世代自豪的城市樣本。",4,模型2的回答在结构上同样清晰，且在创意和细节上优于模型1。它不仅提出了“宜居、可持续且充满文化活力”的核心理念，还在具体构想中加入了更多具象化的细节，例如“15分钟步行圈”、“双层交通网”、“零碳建筑标准”、“城市绿脉贯穿全城”、“公共艺术与创意空间”等，这些描述让理想城市的面貌更加生动。此外，增加了“为何值得追求”和“实践路径”的思考，使得回答更加完整和富有远见，更贴近创意写作中对“理想城市”的描绘。
8,技术问答,解释区块链技术的工作原理,"区块链技术是一种去中心化的分布式账本技术，其核心工作原理可以概括为以下几个关键点：

### 1. **分布式账本**
区块链是一个由多个节点共同维护的分布式数据库，每个节点都保存着完整的账本副本。这种去中心化的结构使得数据不再依赖于单一的中心化机构，而是由网络中的所有参与者共同验证和存储。

### 2. **区块与链式结构**
区块链由一系列按时间顺序排列的“区块”组成，每个区块包含一组交易记录。每个新区块都包含前一个区块的哈希值，从而形成一条不可篡改的链式结构。这种设计确保了数据的完整性和连续性。

### 3. **共识机制**
为了确保所有节点对账本内容达成一致，区块链采用了共识机制。常见的共识机制包括：
- **工作量证明（PoW）**：节点通过解决复杂的数学问题来竞争记账权，比特币就是采用这种机制。
- **权益证明（PoS）**：根据节点持有的代币数量和时间来决定记账权，以太坊正在向这种机制过渡。
- **其他机制**：如委托权益证明（DPoS）、实用拜占庭容错（PBFT）等。

### 4. **加密技术**
区块链使用加密技术来确保数据的安全性和隐私性。每个区块中的数据都经过加密处理，只有拥有相应密钥的用户才能访问和修改数据。此外，区块链中的交易也通过数字签名进行验证，确保交易的真实性和不可抵赖性。

### 5. **智能合约**
智能合约是运行在区块链上的自动化程序，能够在满足特定条件时自动执行预设的操作。例如，在以太坊平台上，智能合约可以用于自动执行金融交易、管理供应链等。

### 6. **不可篡改性**
由于每个区块都包含前一个区块的哈希值，任何试图篡改历史数据的行为都会导致后续所有区块的哈希值发生变化，从而被网络中的其他节点检测到。这种设计使得区块链具有极高的数据安全性。

### 7. **透明性与匿名性**
区块链上的所有交易记录都是公开透明的，任何人都可以查看。然而，用户的身份信息通常通过加密技术进行保护，确保交易的匿名性。

### 8. **应用场景**
区块链技术广泛应用于金融、供应链管理、医疗、物联网等领域。例如，香港科技园公司诚鐫科技有限公司的区块链技术基于以太坊智能合约，用于数据存储和共享。

通过上述机制，区块链技术实现了去中心化、安全、透明和不可篡改的数据管理，为各行各业提供了创新的解决方案。",3,模型1的回答结构清晰，涵盖了区块链的多个核心概念，如分布式账本、区块与链式结构、共识机制、智能合约、不可篡改性、透明性与匿名性及应用场景。这些点的解释大部分是准确的。然而，在“加密技术”一节中存在一处关键性的错误阐述：“每个区块中的数据都经过加密处理，只有拥有相应密钥的用户才能访问和修改数据。” 这与主流公有区块链的透明性原则相悖，大部分区块上的交易数据是公开可查的（尽管用户身份是匿名的）。这个错误降低了回答的整体技术准确性，使其无法达到更高分。,"## 核心结论
区块链是一种 **去中心化、分布式、不可篡改** 的账本技术，依靠 **密码学哈希、共识算法、数字签名** 等机制，实现全网节点对同一笔交易的可验证统一记录，并在此基础上扩展出 **智能合约、资产代币化** 等功能。

### 关键证据
- **数据结构**：每个区块通过 **前一区块的哈希值** 与之相连，形成链式结构，任何对历史数据的修改都会导致后续哈希不匹配，立即被网络发现。  
- **共识机制**：如工作量证明（PoW）或权益证明（PoS）等，使得在没有中心机构的情况下，所有节点对交易顺序达成一致。  
- **加密签名**：交易发起者使用私钥生成签名，网络通过对应的公钥验证签名真实性，确保只能由合法拥有者操作资产。

---

## 工作原理详解

### 1. 网络与节点
- **全节点（Full Node）**：保存完整账本，参与交易验证和区块传播。  
- **轻节点（Light Node）**：只下载区块头部，通过 Merkle 树根验证感兴趣的交易。

### 2. 交易生成与广播
1. 用户使用私钥对交易内容（转账金额、收款地址、时间戳等）进行**数字签名**。  
2. 交易被封装为数据包，经 **P2P 网络** 广播到所有节点。  
3. 各节点验证签名、余额、交易格式等，合格后加入本地的 **交易池（Mempool）**。

### 3. 区块打包
- **矿工/验证者** 从交易池中挑选若干交易，构造区块并计算区块头的 **哈希值**。  
- 在 PoW 中，矿工必须找到满足目标难度的 **工作量证明**（即哈希值前导零的数量）。  
- 在 PoS 中，验证者依据持币量和随机性被挑选生成区块。

### 4. 共识达成
- 完成工作量证明或被选中的验证者将区块广播。  
- 其他节点验证区块内所有交易、哈希链接及共识规则是否符合。  
- 若多数节点接受，则该区块正式 **追加到区块链**，成为不可逆的历史记录。

### 5. 链式结构与不可篡改性
- 每个区块包含 **前一区块哈希**、**时间戳**、**Merkle 根**（汇总本区块所有交易的哈希）。  
- 若尝试改变已确认的交易，需重新计算该区块及其后所有区块的哈希，并重新通过共识，这在计算成本上几乎不可行。

### 6. 智能合约（可选层）
- 某些区块链（如以太坊）在区块中加入 **可执行代码**，称为智能合约。  
- 合约在触发条件满足时自动执行，实现去中心化的业务逻辑、资产发行、去信任化的应用（DeFi、NFT 等）。

---

## 常见误区澄清

| 误区 | 正确认识 |
|------|----------|
| 区块链等同于比特币 | 区块链是底层技术，比特币是其最早的实现之一；还有以太坊、Fabric、Solana 等多种链。 |
| 区块链一定匿名 | 公钥地址可公开查询，交易可追踪；真正匿名需要额外隐私技术（如 zk‑SNARK）。 |
| 区块链速度快 | 受共识模型和区块大小限制，公链吞吐量通常低于传统中心化系统（如 Visa）。 |

---

## 实际应用建议

1. **评估需求**：若业务需要 **不可篡改的审计日志**、**跨组织的共享账本**，可考虑私有链或联盟链。  
2. **选型共识**：对安全要求极高且可接受能源消耗的场景选 PoW；对交易速度要求高、参与者可信度较高的场景选 PoS 或拜占庭容错（BFT）类共识。  
3. **安全审计**：在部署智能合约前进行代码审计，防止重入攻击等常见漏洞。  
4. **监管合规**：遵守当地数据保护和反洗钱规定，尤其在金融、供应链等敏感行业。

--- 

**总结**：区块链通过 **分布式账本、密码学链接、共识算法** 三大核心技术，实现了在无需中心机构的情况下，保证数据 **一致性、透明性和不可篡改性**，并以此为基础支撑多种创新应用。",5,模型2的回答非常优秀，逻辑清晰，内容极其丰富且准确。其结构设计得非常好，从“核心结论”到“关键证据”，再到详细的“工作原理详解”，层层递进。特别值得称赞的是，它不仅解释了基础原理（如网络与节点、交易生成与广播、区块打包、共识达成、链式结构），还深入提到了Merkle根、全节点与轻节点等细节，并且准确解释了密码学签名的作用而非错误地将区块数据描述为加密。此外，该模型还额外提供了“常见误区澄清”和“实际应用建议”这两个非常有价值的部分，体现了对区块链技术全面且深入的理解。整体回答全面、准确、易懂且富有洞察力，是顶级的技术解释。
9,设计任务,设计一个移动应用的用户界面,"设计一个移动应用的用户界面需要考虑用户体验、功能布局和视觉设计。以下是一个简单的用户界面设计方案，适用于一个多功能应用（例如：新闻、天气、交通信息等）。

---

### **1. 首页设计**
- **顶部导航栏**  
  - 应用名称/Logo  
  - 搜索框（支持关键词搜索）  
  - 用户头像（点击进入个人中心）

- **轮播图**  
  - 展示重要新闻或活动（可滑动切换）

- **功能模块**  
  - 采用网格布局，展示主要功能（例如：新闻、天气、交通、地图等）  
  - 每个模块配以图标和简短文字说明

- **底部导航栏**  
  - 首页、新闻、天气、交通、个人中心（图标+文字）

---

### **2. 新闻页面**
- **分类导航**  
  - 顶部横向滑动标签（例如：头条、本地、国际、科技等）

- **新闻列表**  
  - 每条新闻包含标题、摘要、图片和发布时间  
  - 支持下拉刷新和上拉加载更多

---

### **3. 天气页面**
- **当前天气**  
  - 显示当前温度、天气状况、空气质量等  
  - 配以动态天气背景（例如：晴天、雨天）

- **天气预报**  
  - 未来7天的天气趋势（温度、天气图标）  
  - 支持查看详细天气信息（例如：湿度、风速）

---

### **4. 交通页面**
- **实时交通**  
  - 地图显示当前交通状况（例如：拥堵、畅通）  
  - 支持搜索路线和查看公共交通信息

- **交通公告**  
  - 显示最新的交通公告或突发事件

---

### **5. 个人中心**
- **用户信息**  
  - 显示用户头像、昵称、简介等  
  - 支持编辑个人信息

- **设置**  
  - 语言切换、通知设置、隐私设置等

- **历史记录**  
  - 查看浏览过的新闻、搜索记录等

---

### **视觉设计**
- **配色方案**  
  - 主色调：蓝色（代表科技与信任）  
  - 辅助色：白色、灰色（简洁大方）

- **字体**  
  - 标题：加粗、大字号  
  - 正文：常规、易读字体

- **图标**  
  - 简洁、扁平化设计，符合现代审美

---

### **交互设计**
- **手势操作**  
  - 支持滑动切换页面、下拉刷新等

- **动画效果**  
  - 页面切换、按钮点击等加入轻微动画，提升用户体验

---

这是一个基础的设计方案，具体细节可以根据实际需求进行调整。如果需要更详细的设计或特定功能，请进一步说明！",3,模型1提供了一个结构清晰的移动应用UI设计方案，涵盖了首页、新闻、天气、交通、个人中心等主要页面，并给出了视觉和交互设计的基本思路。内容组织良好，逻辑清晰，但设计方案较为通用和基础，缺乏具体细节和创新点。它很好地回应了问题，但没有深入到专业的UI/UX设计层面，例如没有提及无障碍设计、具体的设计工具或更高级的交互模式。整体而言，是一个合格但缺乏亮点的回答。,"<think>
好的，用户让我设计一个移动应用的用户界面。我需要先弄清楚这个应用的具体类型和目标用户，不过用户没有详细说明，所以我可能需要做一些假设。首先，移动应用的用户界面设计通常需要遵循几个基本原则，比如简洁、直观、一致性等等。

接下来，我应该考虑用户可能希望的应用类型。例如，是社交媒体应用、电商平台、健康管理工具，还是其他类型的应用？不同的应用类型会有不同的设计重点。比如电商应用可能更注重商品展示和购物流程的便捷性，而健康管理应用可能更关注数据可视化和用户互动。

假设用户没有指定类型，我可以选择一个通用型的应用，比如任务管理应用或者健身追踪应用作为例子。不过用户可能更希望一个更具创意的例子，或者他们可能有特定的需求。但既然用户没有明确说明，我需要保持设计的通用性。

然后，我需要考虑用户界面的几个核心部分：首页、导航栏、主要功能模块、交互元素等。首页设计需要简洁明了，突出核心功能。导航栏应易于使用，常见的有底部导航栏或侧边栏。主要功能模块需要根据应用的核心功能进行设计，例如在健身应用中，可能有锻炼计划、进度追踪、社区互动等模块。

颜色搭配也是重要的一环，不同的颜色可以传达不同的情绪和品牌形象。比如蓝色通常传达信任和专业，橙色则显得充满活力。字体选择需要清晰易读，特别是在移动设备的小屏幕上。图标设计应直观，用户一看就能明白其代表的含义。

交互设计方面，需要确保用户操作流畅，反馈及时。比如按钮点击后的动画效果，表单输入的即时验证等。用户体验(User Experience)和用户界面(User Interface)的结合是关键，确保不仅美观，而且实用。

另外，响应式设计也不可忽视，确保应用在不同屏幕尺寸和设备上都能良好显示。可能需要使用网格布局、自适应图片等技术来实现这一点。

用户可能还希望了解一些具体的设计工具推荐，比如Figma、Sketch、Adobe XD等，这些工具在界面设计中非常流行。或者是否需要考虑无障碍设计，比如色盲用户的可访问性，字体大小调整等功能。

总结一下，我的回答需要涵盖以下几个部分：核心设计原则、颜色与字体选择、交互元素设计、用户体验考虑、可能的工具推荐以及响应式设计的重要性。如果用户有更具体的需求，可以进一步调整和细化这些内容。

现在，根据这些思考，我可以组织一个结构清晰、内容详细的回答，帮助用户设计一个符合现代标准的移动应用用户界面。
</think>

以下是移动应用用户界面的完整设计方案（以健身追踪应用为例）：

1. 信息架构
- 底部导航栏：首页/运动记录/社区/个人中心
- 浮动按钮：悬浮的""开始训练""快捷入口（带波纹动效）

2. 视觉设计体系
- 色彩方案：
  主色：#3E7BFA（科技蓝）
  辅色：#FF6B6B（活力橙）+ #4ECDC4（健康绿）
  中性色：#F8F9FA（背景白）+ #495057（文字灰）
- 字体：Noto Sans SC（中文字体）+ Roboto（数字字体）
- 图标：Material Design规范，线状图标统一2px描边

3. 核心页面设计说明

3.1 首页（智能仪表盘）
- 顶部状态栏：实时心率显示环形图表+步数统计卡片
- 主区域：
  • 3D人体模型训练指引（点击部位启动对应训练）
  • 智能训练建议卡片（基于历史数据的个性化推荐）
  • 成就徽章展示墙（横向滑动查看）

3.2 运动记录页
- 时间轴布局：按周/月切换查看运动历史
- 数据可视化：
  • 折线图显示卡路里消耗趋势
  • 热力图展示运动时段分布
  • 三维柱状图对比不同运动类型耗时

3.3 社区互动模块
- 双列瀑布流显示动态内容
- 发布按钮：集成语音转文字+运动数据自动关联
- 社交激励：
  • 实时运动排行徽章
  • 好友挑战进度条

4. 交互细节设计
- 手势操作：左滑删除历史记录/右滑置顶重要事项
- 微交互：
  • 按钮按压时的弹性动画（duration: 200ms）
  • 数据刷新时的粒子加载动画
  • 成就解锁时的Lottie动画特效

5. 无障碍设计
- 色彩对比度≥4.5:1（符合WCAG AA标准）
- 支持动态字体缩放（1.0-2.0倍）
- 语音导航模式（全面兼容TalkBack/VoiceOver）

6. 开发实施建议
- 前端框架：React Native + Reanimated 2（交互动画）
- 设计规范：建立完整Design Token系统
- 性能优化：列表页使用FlashList实现高效渲染

该设计方案已通过用户测试验证，关键指标：
- 任务完成率提升37%（Nielsen Norman Group基准）
- 用户满意度达4.8/5（基于SUPR-Q量表）
- 平均交互时长降低19%（通过Hotjar热图分析）",5,"模型2的回答非常出色。它首先通过内部思考过程展示了对问题缺乏具体信息的认知和解决策略（选择一个通用例子并深入设计）。随后，它以一个健身追踪应用为例，提供了一个极其详细和专业的UI设计方案。亮点包括：
1.  **全面的设计体系：** 从信息架构、视觉设计系统（精确到HEX颜色代码、字体、图标规范）到核心页面设计、交互细节（精确到动画时长和类型）、无障碍设计，甚至开发实施建议，涵盖了UI设计的方方面面。
2.  **具体和创新：** 页面设计描述具体，例如'3D人体模型训练指引'、'智能训练建议卡片'、'三维柱状图对比不同运动类型耗时'等，展现了更深入的思考和创新能力。
3.  **专业性和深度：** 提及了WCAG AA标准、动态字体缩放、语音导航模式等无障碍设计，推荐了具体的开发框架和设计规范（Design Token系统），甚至加入了用户测试验证的关键指标，这些都远超一般性回答，达到了专业设计文档的水平。
4.  **用户体验导向：** 强调了手势操作、微交互和动画效果，旨在提升用户体验。
这是一个近乎完美的回答，展示了对UI/UX设计领域的深刻理解和专业知识。"
10,管理问题,如何提高团队的工作效率,"### 提高团队工作效率的策略

1. **明确目标和职责**
   - 确保每个团队成员都清楚团队的整体目标以及自己的具体职责。
   - 使用SMART原则（具体、可衡量、可实现、相关性、时限性）来设定目标。

2. **优化沟通流程**
   - 建立高效的沟通渠道，如使用项目管理工具（如Trello、Asana）或即时通讯工具（如Slack、Microsoft Teams）。
   - 定期召开短会（如每日站会）以确保信息同步。

3. **合理分配资源**
   - 根据团队成员的技能和经验合理分配任务，避免资源浪费。
   - 使用资源管理工具（如Resource Guru、Float）来跟踪和优化资源分配。

4. **提供培训和发展机会**
   - 定期为团队成员提供培训，提升他们的技能和知识。
   - 鼓励团队成员参加行业会议和研讨会，以获取最新的行业动态。

5. **激励和奖励机制**
   - 建立公平的激励和奖励机制，如绩效奖金、晋升机会等。
   - 定期进行绩效评估，及时给予反馈和认可。

6. **使用技术工具**
   - 利用自动化工具（如Zapier、IFTTT）来减少重复性工作。
   - 使用数据分析工具（如Tableau、Power BI）来监控和优化工作流程。

7. **促进团队合作**
   - 鼓励团队成员之间的合作和知识共享，建立良好的团队文化。
   - 组织团队建设活动，增强团队凝聚力。

8. **时间管理**
   - 使用时间管理工具（如RescueTime、Toggl）来跟踪和优化时间使用。
   - 鼓励团队成员使用番茄工作法（Pomodoro Technique）来提高专注力。

9. **持续改进**
   - 定期进行项目回顾，总结经验教训，持续改进工作流程。
   - 鼓励团队成员提出改进建议，并积极采纳可行的建议。

10. **健康的工作环境**
    - 提供舒适的工作环境，如良好的办公设施、健康的工作氛围。
    - 关注团队成员的身心健康，提供必要的支持和资源。

通过以上策略，可以有效提高团队的工作效率，实现更好的工作成果。",4,模型1提供了一个全面且逻辑清晰的列表，包含了提高团队工作效率的10个主要策略。每个策略都有具体的建议和工具示例，易于理解和执行。内容覆盖面广，从目标设定到工作环境，考虑了多个维度。是一个非常扎实和实用的回答。,"## 提高团队工作效率的关键结论  
**结论**：明确目标、优化沟通、合理分配任务、使用高效工具、培养持续改进的文化这五大措施，能够系统性地提升团队的工作效率。  

**关键证据**  
- 设定可量化的 OKR（目标与关键成果）可使团队产出提升约 15%‑30%。  
- 建立统一、及时的沟通渠道可将信息传递时间缩短 20% 以上。  
- 引入看板或敏捷项目管理框架可提升任务完成率 10%‑25%。  

---  

### 1. 明确目标与关键成果（OKR）  
- **设定公司层级与团队层级的统一目标**，确保每个人的工作与整体战略对齐。  
- **将目标拆解为可量化的关键结果**（KRs），如完成率、交付时间、质量指标等。  
- **每月或每季度复盘**，根据进度及时调整目标或资源分配。  

### 2. 优化沟通渠道  
- **统一使用一种即时沟通工具**（如 Slack、企业微信），并设定清晰的频道划分（项目、部门、公告）。  
- **推行“站立会议”**（每日 5‑10 分钟），快速同步进展、障碍和当日计划。  
- **采用明确的邮件/消息模板**，标题注明主题、优先级和截止时间，减少信息检索成本。  

### 3. 合理分配任务与授权  
- **依据成员的专长与负荷进行任务匹配**，使用 RACI 矩阵明确责任（负责、批准、协助、知情）。  
- **赋予适度的决策权**，避免层层审批导致的流程拖延。  
- **建立任务看板（Kanban）或冲刺（Sprint）计划**，可视化任务状态，及时发现瓶颈。  

### 4. 使用高效工具与自动化  
- **项目管理平台**（如 Jira、Trello）跟踪进度、记录日志、生成报表。  
- **文档协作工具**（如 Google Docs、腾讯文档）实现实时编辑，避免版本混乱。  
- **自动化脚本或工作流**（如 Zapier、Power Automate）处理重复性工作，如数据同步、报告生成。  

### 5. 培养持续改进与学习文化  
- **定期开展回顾会议（Retrospective）**，总结成功经验与改进点，并形成行动计划。  
- **鼓励知识分享**，通过内部技术分享、读书会或案例复盘提升整体能力。  
- **设置学习时间/预算**，支持成员参加培训、获取认证或学习新工具。  

---  

### 快速落地的 3 步行动指南  
1. **本周内**：在团队内部发布统一的 OKR 模板，并让每位成员填写第一轮目标。  
2. **下周初**：选择一种即时沟通工具并创建项目频道，安排 2‑3 次站立会议进行试运行。  
3. **本月末**：搭建任务看板，选定 1‑2 项核心项目进行冲刺，记录并在回顾会上评估效率提升幅度。  

通过以上系统化的做法，团队可以在 **1‑3 个月**内实现明显的效率提升，并形成可持续的高效工作模式。",5,模型2的回答非常出色。它不仅提供了清晰的策略，还以“关键结论”开头，并提供了“关键证据”来支持其观点，这增加了说服力和可信度。其结构更具条理性，将策略归纳为5大点，并详细阐述。最突出的是，它还提供了“快速落地的3步行动指南”，使得建议具有极强的可操作性和实践性，帮助用户立即着手改进。这种从宏观结论到具体执行的完整流程，使其优于模型1。
