序号,类型,query,标准答案,HKGAI-V1_答案,HKGAI-V1_评分,HKGAI-V1_理由,HKGAI-V1_准确性,HKGAI-V2_答案,HKGAI-V2_评分,HKGAI-V2_理由,HKGAI-V2_准确性
1,数学计算,1+1等于几?,2,1+1等于2。,1.0,模型回答“1+1等于2”与标准答案“2”在数学计算结果上完全一致，准确无误。,正确,1+1 等于 2。,1.0,模型回答“1+1 等于 2”与标准答案“2”在数学计算结果上完全一致，准确无误。回答中多余的空格不影响其准确性。,正确
2,地理知识,中国的首都是哪里?,北京,中国的首都是北京。,1.0,模型回答“中国的首都是北京”与标准答案“北京”完全一致，信息准确无误。,正确,中国的首都是北京。,1.0,模型回答“中国的首都是北京”与标准答案“北京”完全一致，信息准确无误。,正确
3,技术知识,Python是哪一年发布的?,1991,Python是由Guido van Rossum于1991年首次发布的。它是一门高级编程语言，以简洁、易读和可扩展性而受到广泛欢迎。,1.0,模型准确回答了Python的发布年份为1991年，与标准答案完全一致。,正确,Python 最初于 **1991 年** 发布。首个公开发行的版本是 Python 0.9.0，发布日期为 1991 年 2 月 20 日。,1.0,模型准确回答了Python的发布年份为1991年，并提供了更详细的首个公开发行版本号和具体发布日期，信息准确且完整，与标准答案一致。,正确
4,地理知识,世界上最高的山峰是什么?,珠穆朗玛峰,世界上最高的山峰是珠穆朗玛峰。,1.0,模型回答与标准答案完全一致，准确指出了世界上最高的山峰是珠穆朗玛峰。,正确,世界上最高的山峰是珠穆朗玛峰，海拔约8848米。,1.0,模型回答准确指出了世界上最高的山峰是珠穆朗玛峰，并提供了额外的正确海拔信息，内容准确且完整。,正确
5,数学计算,2的8次方等于多少?,256,2的8次方等于256。,1.0,模型回答的数学计算结果256与标准答案完全一致，表达准确无误。,正确,2的8次方等于 256。,1.0,模型回答的数学计算结果256与标准答案完全一致。虽然在数字前包含一个非标准空格字符（U+202F），但这不影响数学计算结果的准确性。,正确
6,技术知识,HTML的全称是什么?,HyperText Markup Language,HTML的全称是HyperText Markup Language（超文本标记语言）。,1.0,模型正确给出了HTML的全称“HyperText Markup Language”，与标准答案完全一致。同时，模型还提供了准确的中文翻译“超文本标记语言”，体现了良好的语言本地化程度和内容的完整性。,正确,HTML 的全称是 **HyperText Markup Language**，中文通常译作 **超文本标记语言**。,1.0,模型正确给出了HTML的全称“HyperText Markup Language”，与标准答案完全一致。同时，模型也提供了准确的中文翻译“超文本标记语言”，体现了良好的语言本地化程度和内容的完整性。加粗显示关键信息有助于阅读，但不影响答案的准确性。,正确
7,常识问题,一年有多少天?,365,一年有365天，闰年有366天。,1.0,模型回答明确指出“一年有365天”，与标准答案完全一致。虽然补充了闰年的信息，但这属于额外且准确的上下文，不影响对核心问题的正确回答。,正确,一年通常有 **365 天**。但如果是閏年（即能被 4 整除但不被 100 整除，或能被 400 整除的年份），則會有 **366 天**。因此，絕大多數年份是 365 天，僅約每四年會出現一次 366 天的閏年。,1.0,模型回答明确指出“一年通常有365天”，与标准答案的核心信息一致。模型还提供了关于闰年的详细解释和判断规则，使得回答更加完整和精确。语言本地化方面，使用了繁体字，但内容准确无误。,正确
8,天文知识,太阳系有几颗行星?,8,太阳系有8颗行星，按照距离太阳从近到远的顺序依次是：水星、金星、地球、火星、木星、土星、天王星和海王星。,1.0,模型准确回答了太阳系行星的数量为8颗，并正确列出了所有行星的名称和顺序，内容准确无误。,正确,"太阳系目前被公认有 **八颗行星**，分别是：

1. 水星  
2. 金星  
3. 地球  
4. 火星  
5. 木星  
6. 土星  
7. 天王星  
8. 海王星  

1992 年国际天文学联合会把 “冥王星” 划归为 “矮行星”，因此不再计入正式的行星数量。",1.0,模型准确回答了太阳系行星的数量为8颗，并正确列出了所有行星的名称。此外，模型还提供了关于冥王星被划分为矮行星的背景信息，增加了回答的完整性和知识深度，内容准确且全面。,正确
9,数学知识,圆周率π的前三位小数是什么?,3.14,圆周率π的前三位小数是141。,0.0,模型回答“141”是圆周率π小数点后的前三位数字。然而，根据提供的标准答案“3.14”，问题实际是要求圆周率π保留两位小数的值，因此模型回答不符合标准答案。,错误,π的前三位小数是 **141**（即 π≈3.141）。,0.0,模型回答“141”是圆周率π小数点后的前三位数字，并进一步给出了π≈3.141的近似值。然而，根据提供的标准答案“3.14”，问题实际是要求圆周率π保留两位小数的值，因此模型回答不符合标准答案。,错误
10,技术知识,HTTP协议的默认端口号是多少?,80,HTTP协议的默认端口号是80。,1.0,模型准确地回答了HTTP协议的默认端口号是80，与标准答案完全一致。,正确,HTTP 协议的默认端口号是 **80**。,1.0,模型准确地回答了HTTP协议的默认端口号是80，与标准答案完全一致。加粗显示端口号不影响答案的准确性。,正确
