序号,类型,query,标准答案,HKGAI-V1-PROD_答案,HKGAI-V1-PROD_评分,HKGAI-V1-PROD_理由,HKGAI-V1-PROD_准确性,HKGAI-V1-TEST_答案,HKGAI-V1-TEST_评分,HKGAI-V1-TEST_理由,HKGAI-V1-TEST_准确性,HKGAI-V1-NET_答案,HKGAI-V1-NET_评分,HKGAI-V1-NET_理由,HKGAI-V1-NET_准确性
1,数学计算,1+1等于几?,2,1+1等于2。,5,模型回答“1+1等于2”与标准答案“2”完全一致，计算结果准确无误。,正确,"**答案：**  
1 + 1 = **2**。",5,模型回答“1 + 1 = 2”与标准答案“2”完全一致，计算结果准确无误。虽然格式略有不同，但核心内容正确。,正确,"**答案**  
1 + 1 = 2。",5,模型回答“1 + 1 = 2”与标准答案“2”完全一致，计算结果准确无误。虽然格式略有不同，但核心内容正确。,正确
2,地理知识,中国的首都是哪里?,北京,中国的首都是北京。,5,模型回答准确无误，直接给出了中国首都的正确名称“北京”，符合标准答案要求。,正确,**中国的首都是北京。**,5,模型回答准确无误，直接给出了中国首都的正确名称“北京”，符合标准答案要求。加粗格式不影响内容准确性。,正确,"**中国的首都是北京。**  

北京位于华北平原，既是中华人民共和国的政治中心，也是文化、教育和国际交往的重要枢纽。自1949年中华人民共和国成立以来，北京一直担任国家的首都，拥有中共中央、国务院、最高人民法院等主要机构所在地。",5,模型回答准确无误，直接给出了中国首都的正确名称“北京”，并在此基础上提供了丰富且准确的背景信息，包括北京的地理位置、政治文化地位以及作为首都的历史沿革和主要机构所在地，增强了答案的完整性和实用性，表现优秀。,正确
3,技术知识,Python是哪一年发布的?,1991,Python 编程语言由荷兰程序员 Guido van Rossum 于 1991 年首次发布。,1,模型准确回答了Python的发布年份为1991年，与标准答案完全一致。同时提供了开发者信息，增加了答案的完整性。,正确,"**Python 于 1991 年首次发布**。  

- **首次公开发布的版本**：Python 0.9.0  
- **发布日期**：1991 年 2 月  

从此，Python 逐步发展成为今天广受欢迎的高级编程语言。",1,模型准确回答了Python的发布年份为1991年，与标准答案完全一致。并进一步提供了具体的发布月份和版本信息，使答案更加详细和准确。,正确,**Python** 最早发布于 **1991 年**（具体日期为 1991 年 2 月 20 日），由荷兰程序员 **Guido van Rossum** 开发。随后，Python 逐步发展成为全球广泛使用的高级编程语言。,1,模型准确回答了Python的发布年份为1991年，与标准答案完全一致。并提供了具体的发布日期和开发者信息，答案非常完整和准确。,正确
4,地理知识,世界上最高的山峰是什么?,珠穆朗玛峰,"# 世界上最高的山峰

世界上最高的山峰是珠穆朗玛峰（Mount Everest），位于喜马拉雅山脉，跨越中国西藏自治区和尼泊尔边界。珠穆朗玛峰的海拔高度为8848.86米，是地球上的最高点。由于其高度和攀登难度，珠穆朗玛峰一直是登山者心目中的终极挑战。

珠穆朗玛峰的形成是印度板块与欧亚板块碰撞的结果，这一地质过程持续了数百万年。每年都有数百名登山者尝试攀登珠穆朗玛峰，但由于极端的气候条件和复杂的攀登路线，成功登顶者相对较少。

珠穆朗玛峰不仅是自然界的奇迹，也是人类勇气和毅力的象征。无论是对登山者还是对科学家来说，它都是一个极具吸引力的研究对象。",5,模型准确地回答了世界上最高的山峰是珠穆朗玛峰，并提供了其海拔高度、地理位置、形成原因以及攀登挑战等详细且准确的补充信息。语言表达流畅，内容完整。,正确,"## 世界上最高的山峰

**珠穆朗玛峰（Mount Everest）**是目前公认的世界最高山峰。

- **海拔高度**：约 **8,848.86 米**（2020 年最新测量值），位于喜马拉雅山脉的中段，坐落在中国（西藏）与尼泊尔的边界线上。  
- **中文名称**：珠穆朗玛峰，又称 **圣母峰**。  
- **英文名称**：Mount Everest，以英国测量师乔治·埃弗勒斯（George Everest）命名。  
- **首次登顶**：1953 年 5 月 29 日，新西兰探险家 **埃德蒙·希拉里（Sir Edmund Hillary）** 与尼泊尔夏尔巴人 **丹增·诺尔盖（Tenzing Norgay）** 成功登顶，创造了人类史上的里程碑。  

珠穆朗玛峰的极端高度、严酷气候以及稀薄的氧气环境，使其成为全球登山者向往且充满挑战的目标。近年来，随着科学技术的发展，登山路线、救援系统和高海拔医学也在不断进步，但攀登珠穆朗玛峰仍需充分准备和谨慎评估风险。",5,模型准确地指出了珠穆朗玛峰是世界最高山峰，并提供了最新的海拔高度、中英文名称、别称（圣母峰）以及首次登顶的历史事件等丰富且准确的细节。信息结构清晰，易于阅读，本地化程度高。,正确,"## 世界上最高的山峰

**珠穆朗玛峰**（Mount Everest）是目前已知的世界最高山峰，位于喜马拉雅山脉的中段，坐落在中国与尼泊尔的边界线上。

- **海拔高度**：最新测量值为 **8,848.86 米**（约 29,031.7 英尺），该数据由2020年中尼两国联合测量后公布。  
- **地理位置**：北坡位于中国西藏自治区的珠穆朗玛峰保护区，南坡位于尼泊尔的萨加玛塔地区。  
- **首次登顶**：1953年5月29日，英国登山队员埃德蒙·希拉里（Sir Edmund Hillary）和尼泊尔夏尔巴向导丹增·诺尔盖（Tenzing Norgay）成功登顶，成为人类历史上首批登上珠穆朗玛峰的人。

因此，**珠穆朗玛峰** 是目前公认的世界最高山峰。",5,模型准确地回答了世界上最高的山峰是珠穆朗玛峰，并提供了最新的海拔高度（中尼联合测量）、详细的地理位置（南北坡）以及首次登顶的重要信息。内容准确，结构良好，信息点全面。,正确
5,数学计算,2的8次方等于多少?,256,2的8次方等于256。,1,模型回答与标准答案完全一致，计算结果准确无误。,正确,**2的8次方等于 256**。,1,模型回答与标准答案完全一致，计算结果准确无误。格式上使用了加粗，但不影响内容的准确性。,正确,"**答案**：  
\(2^{8}=256\)  

即 2 的 8 次方等于 256。",1,模型回答与标准答案完全一致，计算结果准确无误。同时提供了数学表达式，增强了答案的完整性和可读性。,正确
6,技术知识,HTML的全称是什么?,HyperText Markup Language,HTML的全称是**超文本标记语言**（英语：HyperText Markup Language）。,1,模型准确地给出了HTML的全称HyperText Markup Language，并提供了正确的中文翻译超文本标记语言。,正确,"**HTML 的全称是：**  

**超文本标记语言（HyperText Markup Language）**  

它是一种用于创建网页和 Web 应用的标准标记语言。",1,模型准确地给出了HTML的全称HyperText Markup Language，并提供了正确的中文翻译超文本标记语言。额外的信息是对HTML用途的简要说明，不影响核心答案的准确性。,正确,"**HTML 的全称是：**  
**超文本标记语言（HyperText Markup Language）**  

> 参考资料中提到 “超文本标示语言（英语：hyper text markup language (HTML)）”，这里的 “标示” 与官方标准中的 “标记” 含义相同，均指 HTML 采用的标记（Markup）方式。",1,模型准确地给出了HTML的全称HyperText Markup Language，并提供了正确的中文翻译超文本标记语言。虽然额外解释了“标示”与“标记”的含义，但最终确认了标准答案的正确性，并未引入错误信息。,正确
7,常识问题,一年有多少天?,365,"# 一年有多少天？

一年通常有 **365天**。这是因为地球绕太阳公转一周的时间大约是365.2422天，为了方便计算，我们通常将一年定义为365天。

然而，为了补偿地球公转周期中的小数部分，每四年会增加一个闰日，即2月29日，这一年被称为闰年，共有 **366天**。闰年的规则如下：

1. 年份能被4整除但不能被100整除的是闰年。
2. 年份能被400整除的也是闰年。

例如，2024年是闰年，因为它能被4整除；而1900年不是闰年，因为它能被100整除但不能被400整除；2000年是闰年，因为它能被400整除。

因此，一年通常有365天，但闰年有366天。",5,模型明确指出一年通常有365天，与标准答案一致。同时，模型提供了关于闰年的详细且准确的补充信息，包括闰年的天数、原因和计算规则，内容全面且准确无误。,正确,"**一年有多少天？**

在日常生活中我们常说：

| 类型 | 天数 |
|------|------|
| **普通年（平年）** | 365 天 |
| **闰年** | 366 天（在2月多出一天，即2月29日） |

### 为什么会有闰年？

- **公历（格里高利历）**的规定是：一年大约有365.2425天，为了让历法与地球绕太阳一周的实际时间相吻合，需要每隔四年增加一天（闰日），即把2月的天数从28天变为29天。  
- 为了更精确地校正误差，还设有**“百年不闰，四百年再闰”**的规则：如1900年不是闰年，但2000年是闰年。

### 计算方法（简易版）

1. **能被4整除且不能被100整除** → 闰年。  
2. **能被400整除** → 闰年。  
3. 其余年份 → 平年（365天）。

> 例如：2024年能被4整除且不是整百年 → **闰年**（366天）；2025年不能被4整除 → **平年**（365天）。

### 在香港的实际应用

- **法定假期、年假等**的计算通常以**365天/366天**为基准，具体天数会在劳动合同或相关条例中明确。  
- 例如《雇佣条例》规定的有薪年假，假期天数与一年总天数并无直接关联，但在计算比例（如“按比例计发年假”）时，需要考虑该年份是平年还是闰年。

---

**简要回答：**  
- 普通年份：**365天**  
- 闰年份：**366天**（2月有29天）",5,模型清晰地列出普通年有365天，完全符合标准答案。此外，模型对闰年的解释非常详尽和准确，并特别加入了在香港的实际应用场景，体现了良好的本地化程度和实用性，内容完整且高质量。,正确,"## 一年有多少天？

在现代通用的公历（格里历）中：

| 类型 | 天数 |
|------|------|
| 普通年（平年） | **365 天** |
| 闰年 | **366 天**（比平年多一天） |

### 为什么会有闰年？

- 地球围绕太阳公转一圈的实际时间约为 **365.2422 天**，这比整数的 365 天要多出约 0.2422 天（约 5 小时 49 分钟）。
- 为了让日历与季节保持同步，公历采用了 **闰年规则**：每 4 年增加 1 天（2 月 29 日），但每 100 年中不算闰年，除非该年份能被 400 整除。  
  - 例如，2000 年是闰年（能被 400 整除），但 1900 年不是闰年（只能被 100 整除）。

### 备注

- 在一些特殊的计时或法律用语中，会出现“一年另加一日”或“一年零一日”的说法，这通常是指 **“一年加一天”**，即闰年的概念，但并不改变一年通常的天数定义。  
- 对于日常生活、工作安排（如有薪年假）等，通常以 **365 天** 为基准，除非特指闰年。

> **简要答案**：一年通常有 **365 天**；闰年则有 **366 天**。",5,模型明确指出普通年有365天，与标准答案相符。模型对闰年的解释同样准确和全面，包括其科学依据和规则。虽然本地化程度不如模型2，但其内容准确、结构清晰，提供了高质量的回答。,正确
8,天文知识,太阳系有几颗行星?,8,太阳系共有八颗行星。它们按照距离太阳的远近依次为：水星、金星、地球、火星、木星、土星、天王星和海王星。这些行星可以分为两大类：内行星（水星、金星、地球、火星）和外行星（木星、土星、天王星、海王星）。内行星主要由岩石和金属构成，而外行星则主要由气体和冰组成。此外，太阳系还包括矮行星、小行星、彗星和其他天体，但行星的数量仍然是八颗。,5,模型准确回答了太阳系有8颗行星，并正确列出了所有行星的名称。同时提供了行星分类和组成等额外准确信息，增强了答案的完整性。,正确,"**答案**：

太阳系共有 **8 颗行星**，它们依次为：

1. 水星  
2. 金星  
3. 地球  
4. 火星  
5. 木星  
6. 土星  
7. 天王星  
8. 海王星  

（冥王星自 2006 年被国际天文学联合会重新划分为“矮行星”，不再计入正式的行星数量。）",5,模型准确回答了太阳系有8颗行星，并正确列出了所有行星的名称。特别提到了冥王星被重新划分为矮行星的背景信息，这对于理解行星数量的演变非常重要，使答案更加完整和准确。,正确,"**太阳系共有 8 颗行星**，分别是：

1. 水星  
2. 金星  
3. 地球  
4. 火星  
5. 木星  
6. 土星  
7. 天王星  
8. 海王星  

自 2006 年国际天文学联合会（IAU）重新定义行星概念后，冥王星被划为“矮行星”，因此不再计入正式的行星数量。",5,模型准确回答了太阳系有8颗行星，并正确列出了所有行星的名称。详细说明了2006年国际天文学联合会（IAU）重新定义行星概念导致冥王星被划为矮行星的背景，提供了非常准确和完整的上下文信息。,正确
9,数学知识,圆周率π的前三位小数是什么?,3.14,圆周率π的前三位小数是**141**。,0,模型回答“141”是圆周率π小数点后的前三位数字，但与标准答案“3.14”不符。根据标准答案，问题“圆周率π的前三位小数是什么?”被解读为要求圆周率π保留两位小数的值（包含整数部分）。,错误,"**圆周率 π 的前三位小数是：** `141`  

即 π ≈ 3.141… 。",0,模型回答“141”是圆周率π小数点后的前三位数字，但与标准答案“3.14”不符。根据标准答案，问题“圆周率π的前三位小数是什么?”被解读为要求圆周率π保留两位小数的值（包含整数部分）。模型虽然补充了“即 π ≈ 3.141…”，但其核心回答仍是“141”。,错误,**圆周率 π 的前三位小数是：** `141`。,0,模型回答“141”是圆周率π小数点后的前三位数字，但与标准答案“3.14”不符。根据标准答案，问题“圆周率π的前三位小数是什么?”被解读为要求圆周率π保留两位小数的值（包含整数部分）。,错误
10,技术知识,HTTP协议的默认端口号是多少?,80,HTTP协议的默认端口号是 **80**。,5,模型准确地回答了HTTP协议的默认端口号是80，与标准答案完全一致。,正确,**HTTP 协议的默认端口号是 80。**,5,模型准确地回答了HTTP协议的默认端口号是80，与标准答案完全一致。,正确,"**HTTP 协议的默认端口号是 `80`。**  

在没有显式指定端口的情况下，浏览器和其他客户端会默认使用 80 端口与服务器建立 HTTP 连接。  

> **提示**：如果使用加密的 HTTPS 协议，则默认端口号为 `443`。",5,模型准确地回答了HTTP协议的默认端口号是80，与标准答案完全一致。此外，模型还提供了关于80端口使用场景和HTTPS默认端口443的额外准确信息，增加了回答的完整性和实用性。,正确
